filename,timestamp,MD5
drugclas,20000818073806,559f6ee447276a0088944c84d3b43e18
drugclas,20001205093000,9fd7e43c275d2c9127a0ee786eae5f0b
drugclas,20010209175151,5b99486c230f9c6e5345688691ccb7bc
drugclas,20010309091643,5b99486c230f9c6e5345688691ccb7bc
drugclas,20010811214854,697921c87e262ca43bb5e1b03557db4d
drugclas,20011120170714,f9eee6037b52e4b7806db1619aa7104f
drugclas,20020611095717,ef99e2370422d1d3294137fd12d82e38
drugclas,20021004210816,bbc886a8dfb17a75c39d0f6b252dc9a9
drugclas,20021213203752,bbc886a8dfb17a75c39d0f6b252dc9a9
drugclas,20030112024134,bbc886a8dfb17a75c39d0f6b252dc9a9
drugclas,20030202103743,83b1af91e70929bfbd6467b2787fa0f0
drugclas,20030414175432,7a268daee078d28ed4ec9b62eef39ad2
drugclas,20030608060208,7a268daee078d28ed4ec9b62eef39ad2
drugclas,20030812213903,2f43b7a15a11a023e3f3626cf33d527e
drugclas,20031011150643,626914a2a5c4bb4ebc2055cecb1327a8
drugclas,20031222010346,626914a2a5c4bb4ebc2055cecb1327a8
drugclas,20040225060002,4b33a24d2e7fbe5fe2089ed46114e6db
drugclas,20040226053402,4b33a24d2e7fbe5fe2089ed46114e6db
drugclas,20040406125000,7ca794a0362efe89da1454747afa884b
drugclas,20040619225726,7ca794a0362efe89da1454747afa884b
drugclas,20040818041425,bd4082c61d76631fc0d16d8a9df08cd4
drugclas,20041016034757,0279b5f840ba617e5ffca32e79638acb
drugclas,20041118134312,0279b5f840ba617e5ffca32e79638acb
drugclas,20041205101334,0279b5f840ba617e5ffca32e79638acb
drugclas,20041211052707,0279b5f840ba617e5ffca32e79638acb
drugclas,20050211094056,b9bf9e5bc78ea4ded25219716076d416
formulat,20000818073744,aa84a76e7f68497e17cccbf2b9449c81
formulat,20010309130340,054b61729cc1065f331a5fd611293c4b
formulat,20010618054412,474bb9c888509e3bc7674d87231c53aa
formulat,20010802041241,b4d4f607bf0e72420534b115012521e4
formulat,20011120110445,795280ad05db398cabbce004f91fc335
formulat,20011227200817,795280ad05db398cabbce004f91fc335
formulat,20020209045634,85610c499b433531f0869e14dee652e4
formulat,20020215212348,85610c499b433531f0869e14dee652e4
formulat,20020419233757,5af4b12b6a9a9b55a814920ee52cdb31
formulat,20021024145417,d508ccce5818b022da8172ee22f3df20
formulat,20030112023746,d508ccce5818b022da8172ee22f3df20
formulat,20030202105228,d29b549edb46c41578fcb747db88238a
formulat,20030608091450,c0ad610e34b3a81aa9bde15eca91fc72
formulat,20030801080940,7c3892542d3d1f0a09e44dd9d4cc934c
formulat,20030803000329,7c3892542d3d1f0a09e44dd9d4cc934c
formulat,20031003081621,7c3892542d3d1f0a09e44dd9d4cc934c
formulat,20031022103130,fa7331562c08e482dc5d1853012a901d
formulat,20031222011328,fa7331562c08e482dc5d1853012a901d
formulat,20040225060836,6dd4549c015b3749f04a329c23101903
formulat,20040614222756,a043d98808d0eeb5cb8ad69f271d9901
formulat,20040624213935,a043d98808d0eeb5cb8ad69f271d9901
formulat,20040811092916,87d92244c2f6a7dc680f11c188e3a2bb
formulat,20041016034805,604ed5ff92434318efee51da2fcc40f8
formulat,20041112035227,604ed5ff92434318efee51da2fcc40f8
formulat,20041118134333,604ed5ff92434318efee51da2fcc40f8
formulat,20041205072552,604ed5ff92434318efee51da2fcc40f8
formulat,20041211050924,604ed5ff92434318efee51da2fcc40f8
formulat,20050211092751,fe6915102f0981cff31039295f803150
formulat,20050305162152,fe6915102f0981cff31039295f803150
formulat,20060319232100,c8bac2359c254afd665b47b80ebd5e69
listings,20001205121400,45ffcda179c0f00b9168ac30c56af9f3
listings,20010209174759,c3eed825e00272ce918f9fe3627a1435
listings,20010309191703,c3eed825e00272ce918f9fe3627a1435
listings,20010618055127,bd02133b5ef76ea460625c89860efbdb
listings,20010802041713,dda6a9bf091d412cbdc2226ce3eb1059
listings,20011120110049,da32e27e51eadf0003a107142cfa9165
listings,20011122053058,da32e27e51eadf0003a107142cfa9165
listings,20020209045020,7f5e0abc1bd1136a31d0d94d0353b86a
listings,20020811013401,6f4dca7fbb8b5b60040cd77d40abfa3f
listings,20021024145506,74b1a27dce0e3b4225337de7dd06e55d
listings,20021213182643,74b1a27dce0e3b4225337de7dd06e55d
listings,20030112023807,74b1a27dce0e3b4225337de7dd06e55d
listings,20030202105905,86233182d882962bf586f25fb3b8c3e9
listings,20030801081016,58d56174e64571d5fd40108eb58beccc
listings,20031011150524,b365c76dcf540d7d527ba371e573d8ed
listings,20031208182907,b365c76dcf540d7d527ba371e573d8ed
listings,20040226052923,6d0ad2ab02eb86b163df1930e8c4a89a
listings,20040406125634,5aa18a0f2bb8050e6e448d0c1bb51c88
listings,20040622064406,5aa18a0f2bb8050e6e448d0c1bb51c88
listings,20040818042703,bf173dca7be9f0a7e5b1929ecf083598
listings,20040923162158,bf173dca7be9f0a7e5b1929ecf083598
listings,20040930234441,bf173dca7be9f0a7e5b1929ecf083598
listings,20041016034810,90b6c4d5eadbb27a1e9c0b8cc09ef753
listings,20041113034806,90b6c4d5eadbb27a1e9c0b8cc09ef753
listings,20041118134126,90b6c4d5eadbb27a1e9c0b8cc09ef753
listings,20041205102245,90b6c4d5eadbb27a1e9c0b8cc09ef753
listings,20041211052005,90b6c4d5eadbb27a1e9c0b8cc09ef753
listings,20050211093028,f39fd5a3ebc1f0f66442457acaf53489
listings,20050305160257,f39fd5a3ebc1f0f66442457acaf53489
listings,20050405212014,f39fd5a3ebc1f0f66442457acaf53489
drugclas,20041118134416,0279b5f840ba617e5ffca32e79638acb
formulat,20041118134416,604ed5ff92434318efee51da2fcc40f8
listings,20041118134416,90b6c4d5eadbb27a1e9c0b8cc09ef753
formulat,20051104070322,fc30d3c1ca0a5101d8caa8bcdb9b4072
listings,20051104070322,0c18a26e915b60f55d2d573b9a1042f2
formulat,20060526081441,7950ee22e9d2168494014969489a5c17
listings,20060526081441,e92d251197e7d5a51cd062bdbab222ac
formulat,20060627203256,9355ef126d824d3624853e10a58c0163
listings,20060627203256,bad95ce73531273e38fd97c0579138c3
formulat,20060903104603,1794a5548a299fadc5c28e7f02f0cc7a
listings,20060903104603,aafce8d0bc7c0a2aa26622aa7cb57d41
formulat,20061013001036,133a0b2f347a85b245a4efc15b6da53f
listings,20061013001036,80171510c8a847c6ca8aed651219e5f5
formulat,20070119074603,2f1675321ae3ac86dea6b224589d504a
listings,20070119074603,9146a4e3a0740fb4a0aa49ae0dea3749
formulat,20070204103926,2f1675321ae3ac86dea6b224589d504a
listings,20070204103926,9146a4e3a0740fb4a0aa49ae0dea3749
formulat,20070715090218,cb5dd916754159ea32316c99d3a1602a
listings,20070715090218,20436bff738840a3628d97e9e9664d6a
schedule,20070715090218,738bd7f5c937707777d6d4439d033018
formulat,20081007175436,8b34f0cb41739bc8ed4555000b48ab23
listings,20081007175436,836fbdbf03aaadc4696d953f04b8ad70
schedule,20081007175436,37c592648bd78b2d6eb45b407ba38756
formulat,20090118174627,bf7cd3b1cd3ca0059e92efb782917d51
listings,20090118174627,2448b7a42ca1c2cf213d856df3bb350b
schedule,20090118174627,89f186be7cacd4414ad2a293af3473fe
drugclas,20010618064004,50ee921645675e6f496cdd3794c42b7b
formulat,20010618064004,474bb9c888509e3bc7674d87231c53aa
listings,20010618064004,bd02133b5ef76ea460625c89860efbdb
drugclas,20010805223623,697921c87e262ca43bb5e1b03557db4d
formulat,20010805223623,b4d4f607bf0e72420534b115012521e4
listings,20010805223623,f1b98e7450336d670cf9635cf80aaa3b
drugclas,20011122063529,f9eee6037b52e4b7806db1619aa7104f
formulat,20011122063529,795280ad05db398cabbce004f91fc335
listings,20011122063529,da32e27e51eadf0003a107142cfa9165
drugclas,20020209044805,5a13aa0c5b02a980dcc433d6d10d5b92
formulat,20020209044805,85610c499b433531f0869e14dee652e4
listings,20020209044805,7f5e0abc1bd1136a31d0d94d0353b86a
drugclas,20020611180517,ef99e2370422d1d3294137fd12d82e38
formulat,20020611180517,5af4b12b6a9a9b55a814920ee52cdb31
listings,20020611180517,d9a527fbf0734d64c107828a0f3955f0
drugclas,20021024153605,bbc886a8dfb17a75c39d0f6b252dc9a9
formulat,20021024153605,d508ccce5818b022da8172ee22f3df20
listings,20021024153605,74b1a27dce0e3b4225337de7dd06e55d
drugclas,20021202011252,bbc886a8dfb17a75c39d0f6b252dc9a9
formulat,20021202011252,d508ccce5818b022da8172ee22f3df20
listings,20021202011252,74b1a27dce0e3b4225337de7dd06e55d
drugclas,20030303002650,83b1af91e70929bfbd6467b2787fa0f0
formulat,20030303002650,d29b549edb46c41578fcb747db88238a
listings,20030303002650,86233182d882962bf586f25fb3b8c3e9
drugclas,20030402083108,83b1af91e70929bfbd6467b2787fa0f0
formulat,20030402083108,d29b549edb46c41578fcb747db88238a
listings,20030402083108,86233182d882962bf586f25fb3b8c3e9
drugclas,20030812215630,2f43b7a15a11a023e3f3626cf33d527e
formulat,20030812215630,7c3892542d3d1f0a09e44dd9d4cc934c
listings,20030812215630,58d56174e64571d5fd40108eb58beccc
drugclas,20031011154210,626914a2a5c4bb4ebc2055cecb1327a8
formulat,20031011154210,fa7331562c08e482dc5d1853012a901d
listings,20031011154210,b365c76dcf540d7d527ba371e573d8ed
drugclas,20031022120351,626914a2a5c4bb4ebc2055cecb1327a8
formulat,20031022120351,fa7331562c08e482dc5d1853012a901d
listings,20031022120351,b365c76dcf540d7d527ba371e573d8ed
drugclas,20031208192623,626914a2a5c4bb4ebc2055cecb1327a8
formulat,20031208192623,fa7331562c08e482dc5d1853012a901d
listings,20031208192623,b365c76dcf540d7d527ba371e573d8ed
drugclas,20031222011250,626914a2a5c4bb4ebc2055cecb1327a8
formulat,20031222011250,fa7331562c08e482dc5d1853012a901d
listings,20031222011250,b365c76dcf540d7d527ba371e573d8ed
drugclas,20040114221336,4b33a24d2e7fbe5fe2089ed46114e6db
formulat,20040114221336,6dd4549c015b3749f04a329c23101903
listings,20040114221336,6d0ad2ab02eb86b163df1930e8c4a89a
drugclas,20040203144903,4b33a24d2e7fbe5fe2089ed46114e6db
formulat,20040203144903,6dd4549c015b3749f04a329c23101903
listings,20040203144903,6d0ad2ab02eb86b163df1930e8c4a89a
drugclas,20040226053216,4b33a24d2e7fbe5fe2089ed46114e6db
formulat,20040226053216,6dd4549c015b3749f04a329c23101903
listings,20040226053216,6d0ad2ab02eb86b163df1930e8c4a89a
drugclas,20040321131716,4b33a24d2e7fbe5fe2089ed46114e6db
formulat,20040321131716,6dd4549c015b3749f04a329c23101903
listings,20040321131716,6d0ad2ab02eb86b163df1930e8c4a89a
drugclas,20040416020216,7ca794a0362efe89da1454747afa884b
formulat,20040416020216,a043d98808d0eeb5cb8ad69f271d9901
listings,20040416020216,5aa18a0f2bb8050e6e448d0c1bb51c88
drugclas,20040614210807,7ca794a0362efe89da1454747afa884b
formulat,20040614210807,a043d98808d0eeb5cb8ad69f271d9901
listings,20040614210807,5aa18a0f2bb8050e6e448d0c1bb51c88
drugclas,20041118134343,0279b5f840ba617e5ffca32e79638acb
formulat,20041118134343,604ed5ff92434318efee51da2fcc40f8
listings,20041118134343,90b6c4d5eadbb27a1e9c0b8cc09ef753
formulat,20060516021016,115937f2530146fbc49bea959f851712
listings,20060516021016,0c5238b03e9a083018fd17f800ceca74
formulat,20060627203350,9355ef126d824d3624853e10a58c0163
listings,20060627203350,bad95ce73531273e38fd97c0579138c3
formulat,20060902233312,1794a5548a299fadc5c28e7f02f0cc7a
listings,20060902233312,aafce8d0bc7c0a2aa26622aa7cb57d41
formulat,20061007174711,43d22ea82eab064590d48b42584884bc
listings,20061007174711,4d9020a36403bbb0919b77c6697244a3
formulat,20070119074555,2f1675321ae3ac86dea6b224589d504a
listings,20070119074555,9146a4e3a0740fb4a0aa49ae0dea3749
formulat,20070204103912,2f1675321ae3ac86dea6b224589d504a
listings,20070204103912,9146a4e3a0740fb4a0aa49ae0dea3749
formulat,20070715090117,cb5dd916754159ea32316c99d3a1602a
listings,20070715090117,20436bff738840a3628d97e9e9664d6a
schedule,20070715090117,738bd7f5c937707777d6d4439d033018
formulat,20081007175416,8b34f0cb41739bc8ed4555000b48ab23
listings,20081007175416,836fbdbf03aaadc4696d953f04b8ad70
schedule,20081007175416,37c592648bd78b2d6eb45b407ba38756
formulat,20090118174655,bf7cd3b1cd3ca0059e92efb782917d51
listings,20090118174655,2448b7a42ca1c2cf213d856df3bb350b
schedule,20090118174655,89f186be7cacd4414ad2a293af3473fe
formulat,20090709232634,5cca0de71353df116b5018adfa3dcdce
listings,20090709232634,c7c8d82c98a289c43e473937223ab923
schedule,20090709232634,8ba82ce147d03f9bfd78f9f3718445b0
formulat,20090827044513,6d65f911a448e4c3fd765ab1295fdead
listings,20090827044513,d0398ea6e832909a0d2d73cc365e5262
schedule,20090827044513,dde5a56e48183a826bbdbd8de714fe06
formulat,20091103221114,a3d8abbfbaf4a643e5f7fbf18dbc2a65
listings,20091103221114,1a0b7684782425c4f6ace5a2d13aebce
schedule,20091103221114,8eb73496ca3ecb7c83045d6e07ce0606
formulat,20100112044548,520f63ec3f377fac70e4015d6a8a3a82
listings,20100112044548,ae47d55c58bad5a352eaa94af5cf5308
schedule,20100112044548,68e14caf603394e23a922c0c406b2136
formulat,20100120034215,520f63ec3f377fac70e4015d6a8a3a82
listings,20100120034215,ae47d55c58bad5a352eaa94af5cf5308
schedule,20100120034215,68e14caf603394e23a922c0c406b2136
formulat,20100305011352,76c4b2689b2b401ece75940a3753b282
listings,20100305011352,c0e1f19609b526b80696b4fa501b3bb1
schedule,20100305011352,ff8816dc73d5b4fc82feeb080fbda23f
formulat,20100412062438,ad13a6ffb0637a4cfd1f1e6f64981b3e
listings,20100412062438,8a3fe0dd437157eb9cf6a4860474ad9b
schedule,20100412062438,c52d53059603b9b3368b844e8d521881
formulat,20100529221714,22b530ac3755380e4efaa49f084120f4
listings,20100529221714,355b213d2e7fbe2c34b239bee86411fe
schedule,20100529221714,c29bef793dd037d79aafee5d3afab758
formulat,20100728145456,b6dedf58904b283e11ab9d35b3d1ce27
listings,20100728145456,da4c2acf55b3f0529fa724707fcf6ded
schedule,20100728145456,dc61f62887904d16b625c11def86822a
formulat,20110116152216,968df7f26a3498ed398fa4081ae553fc
listings,20110116152216,6385a5e7aecb3ea6bedf6c755662062f
schedule,20110116152216,2f4a6e137421705bf1138b540f120004
formulat,20110122000456,ab892bc3aef9d2d9cccf0305aa776990
listings,20110122000456,35d8ac78f28e29b3296d8819d7efbede
schedule,20110122000456,4830979846d596362b7a5fc7eadd2202
formulat,20110204151743,e976be970032d5226951aa7253150111
listings,20110204151743,2dd54eab0c24039a1a30f7dc248aa75a
schedule,20110204151743,1ebd9ae28c1b5c42fae9e91a06b63e8a
formulat,20110219102743,36980924d1262ae4510ee68c6422a437
listings,20110219102743,6a68a1793beb30b6beb457571ab72d43
schedule,20110219102743,fdc68b1a02cb703f794b12c92cc64901
formulat,20110226100542,36980924d1262ae4510ee68c6422a437
listings,20110226100542,6a68a1793beb30b6beb457571ab72d43
schedule,20110226100542,fdc68b1a02cb703f794b12c92cc64901
formulat,20110305013058,1f53d26ae3885683204adfde45329a40
listings,20110305013058,d2791391ba13431e3712e2b4ba35bafd
schedule,20110305013058,702fc9a844afe249c0b0024586199bd2
formulat,20110320070848,49a31c59649dc6b153d74031223ab0a9
listings,20110320070848,f92b917bd9fe740be1715132554f33a8
schedule,20110320070848,714ee61ca2f42c9acc32786c63cc91b7
formulat,20110401104330,49a31c59649dc6b153d74031223ab0a9
listings,20110401104330,f92b917bd9fe740be1715132554f33a8
schedule,20110401104330,714ee61ca2f42c9acc32786c63cc91b7
formulat,20110408192510,8b59fcd4bafe3300e1df93c801198d29
listings,20110408192510,1cb7318defeb43098457c1cf2273f39a
schedule,20110408192510,6ef12b42d40296e8a51ad0f9c1fcdc9a
formulat,20110415171026,80a78e9c534c742adc61b37b12533ecb
listings,20110415171026,bf6cc873f643b7d6a5f137400b92a207
schedule,20110415171026,cc34874f0c662bf3e9d5a30a3b07153e
formulat,20110505205110,c1150fed26de7a0804f955c7a2037a4a
listings,20110505205110,e31bc3b268d2a7da80451b50cfba6761
schedule,20110505205110,6dacbbedbeef2bd52d249f68800d116f
formulat,20110513051110,c1150fed26de7a0804f955c7a2037a4a
listings,20110513051110,e31bc3b268d2a7da80451b50cfba6761
schedule,20110513051110,6dacbbedbeef2bd52d249f68800d116f
formulat,20110520070946,74610358dcaa6598fec17db7950daa3e
listings,20110520070946,ee15ed930843e11c4cae40642b5e8f7b
schedule,20110520070946,292ee51cca2c4f4b00b8a3e96bc60f89
product,20110705113044,5270e2eebd1b42033cfedd1558d041c5
product,20110708154813,5270e2eebd1b42033cfedd1558d041c5
product,20110805180012,d9e6e3227dbe9f250f8fc4b6406c13d2
product,20110818180028,71c153e5e45b092694073122ca243af8
product,20110908182831,eb34756b46f5792f583f994c3b9c838a
product,20110922184332,573422c111bd680db92d263188b1922d
product,20111019232259,e4539d7e217be9d65f2abb3acda6f198
product,20111020191532,e4539d7e217be9d65f2abb3acda6f198
product,20111027145323,e4539d7e217be9d65f2abb3acda6f198
product,20111110191624,a265506788cbe1404593deb7809c0f12
product,20111124175641,6e446a3b2edcc764d023fd200eba5aa1
product,20111222182226,f79dbdcb138c0c6b0c512fc8a0eab6d3
product,20120105170921,df9975edd2d8b413919d6fb13c30eebd
product,20120119172053,239309aa25b3a94e6a8c0340ec947fd8
product,20120129134918,239309aa25b3a94e6a8c0340ec947fd8
product,20120209165920,1c963c19204c5493d68f6fdba78af470
product,20120924201011,f4f024d12635d4d8eb21b96ca649d5d6
product,20121017112058,d760d969c8f714b13c480d3f36898ce4
product,20121022091122,d760d969c8f714b13c480d3f36898ce4
product,20130725212850,357bdf2ca0655051f9f865e10854de9e
product,20140215004514,d366aef973df71f467fd61b13ba263ab
product,20140427093247,2ea9d48077ca5b8749669999ee2cb14c
product,20140909175038,2fb0892c7a97bd1df777a45eec6672b9
product,20150206170217,8870be447a27acb2baea128cefae0028
product,20150227233432,ef059424f566b9e74b83ed19ed0a4311
product,20150526150608,10ff6a8f46125bdee768ad110d50579a
product,20151008072017,1e29abd87ac2f762440909a311285616
product,20160405183146,86c2d896e569582dd288200db43b96df
product,20160417150659,c1397bc97068313a7f5959c787530d06
product,20160730131641,5544fd0bc49b783d0cbe4428c547c5ee
product,20160609215020,3e867d351a872f150dcc23062c27493f
product,20161110174200,df48b4f520e1e0e63a93e12848aefea4
product,20170502105010,fe0b15d35effe32735b2fe13230ec0c1
product,20180328205817,0c8be291bbbdeed3e8b3f781839fb72d
